category,code,name,original price,discount price
AWS,AWS-001,AWS Certified Advanced Networking - Specialty test,25500,19125
AWS,AWS-002,AWS Certified Data Engineer - Associate,12750,9562
AWS,AWS-003,AWS Certified Database - Specialty,25500,19125
AWS,AWS-004,AWS Certified Developer - Associate,12750,9562
AWS,AWS-005,AWS Certified DevOps Engineer - Professional,25500,19125
AWS,AWS-006,AWS Certified Machine Learning - Specialty,25500,19125
AWS,AWS-007,AWS Certified Security - Specialty,25500,19125
AWS,AWS-008,AWS Certified Solutions Architect,12750,9562
AWS,AWS-009,AWS Certified Solutions Architect - Professional,25500,19125
AWS,AWS-010,AWS Certified SysOps Administrator - Associate,12750,9562
AWS,AWS-011,AWS Certified: SAP on AWS - Specialty,25500,19125
NVIDIA,NV-001,NVIDIA-Certified Associate: AI Infrastructure and Operations (NCA-AIIO),11475,11475
NVIDIA,NV-002,NVIDIA-Certified Professional: AI Infrastructure (NCP-AII),34000,34000
NVIDIA,NV-003,NVIDIA-Certified Professional: AI Operations (NCP-AIO),34000,34000
NVIDIA,NV-004,NVIDIA-Certified Professional: AI Networking (NCP-AIN),34000,34000
NVIDIA,NV-005,NVIDIA-Certified Associate: Generative AI and LLMs (NCA-GENL),11475,11475
NVIDIA,NV-006,NVIDIA-Certified Associate: Multimodal Generative AI (NCA-GENM),11475,11475
NVIDIA,NV-007,NVIDIA-Certified Professional: Accelerated Data Science (NCP-ADS),17000,17000
NVIDIA,NV-008,NVIDIA-Certified Professional: OpenUSD Development,17000,17000
NVIDIA,NV-009,NVIDIA-Certified Professional: Generative AI LLMs (NCP-GENL),17000,17000
NVIDIA,NV-010,NVIDIA-Certified Professional: Agentic AI (NCP-AAI),17000,17000
Microsoft,MS-001,Microsoft 365 Certified: Administrator Expert,4800,4080
Microsoft,MS-002,Microsoft 365 Certified: Collaboration Communications Systems Engineer Associate,4800,4080
Microsoft,MS-003,Microsoft 365 Certified: Endpoint Administrator Associate,4800,4080
Microsoft,MS-004,Microsoft 365 Certified: Fundamentals,3696,3142
Microsoft,MS-005,Microsoft 365 Certified: Teams Administrator Associate,4800,4080
Microsoft,MS-006,Microsoft Certified Educator,3696,3142
Microsoft,MS-007,Microsoft Certified: Azure Administrator Associate,4800,4080
Microsoft,MS-008,Microsoft Certified: Azure AI Engineer Associate,4800,4080
Microsoft,MS-009,Microsoft Certified: Azure AI Fundamentals,3696,3142
Microsoft,MS-010,Microsoft Certified: Azure Cosmos DB Developer Specialty,4800,4080
Microsoft,MS-011,Microsoft Certified: Azure Data Engineer Associate,4800,4080
Microsoft,MS-012,Microsoft Certified: Azure Data Fundamentals,3696,3142
Microsoft,MS-013,Microsoft Certified: Azure Data Scientist Associate,4800,4080
Microsoft,MS-014,Microsoft Certified: Azure Database Administrator Associate,4800,4080
Microsoft,MS-015,Microsoft Certified: Azure Developer Associate,4800,4080
Microsoft,MS-016,Microsoft Certified: Azure for SAP Workloads Specialty,4800,4080
Microsoft,MS-017,Microsoft Certified: Azure Fundamentals,3696,3142
Microsoft,MS-018,Microsoft Certified: Azure Network Engineer Associate,4800,4080
Microsoft,MS-019,Microsoft Certified: Azure Security Engineer Associate,4800,4080
Microsoft,MS-020,Microsoft Certified: Azure Solutions Architect Expert,4800,4080
Microsoft,MS-021,Microsoft Certified: Azure Virtual Desktop Specialty,4800,4080
Microsoft,MS-022,Microsoft Certified: Cybersecurity Architect Expert,4800,4080
Microsoft,MS-023,Microsoft Certified: DevOps Engineer Expert,4800,4080
Microsoft,MS-024,Microsoft Certified: Dynamics 365 Business Central Developer Associate,4800,4080
Microsoft,MS-025,Microsoft Certified: Dynamics 365 Business Central Functional Consultant Associate,4800,4080
Microsoft,MS-026,Microsoft Certified: Dynamics 365 Customer Insights (Data) Specialty,4800,4080
Microsoft,MS-027,Microsoft Certified: Dynamics 365 Customer Insights (Journeys) Functional Consultant Associate,4800,4080
Microsoft,MS-028,Microsoft Certified: Dynamics 365 Customer Service Functional Consultant Associate,4800,4080
Microsoft,MS-029,Microsoft Certified: Dynamics 365 Field Service Functional Consultant Associate,4800,4080
Microsoft,MS-030,Microsoft Certified: Dynamics 365 Finance Functional Consultant Associate,4800,4080
Microsoft,MS-031,Microsoft Certified: Dynamics 365 Fundamentals (CRM),8415,7153
Microsoft,MS-032,Microsoft Certified: Dynamics 365 Fundamentals (ERP),8415,7153
Microsoft,MS-033,Microsoft Certified: Dynamics 365 Sales Functional Consultant Associate,4800,4080
Microsoft,MS-034,Microsoft Certified: Dynamics 365 Supply Chain Management Functional Consultant Associate,4800,4080
Microsoft,MS-035,Microsoft Certified: Dynamics 365 Supply Chain Management Functional Consultant Expert,4800,4080
Microsoft,MS-036,Microsoft Certified: Dynamics 365: Finance and Operations Apps Developer Associate,4800,4080
Microsoft,MS-037,Microsoft Certified: Dynamics 365: Finance and Operations Apps Solution Architect Expert,4800,4080
Microsoft,MS-038,Microsoft Certified: Fabric Analytics Engineer Associate,4800,4080
Microsoft,MS-039,Microsoft Certified: Identity and Access Administrator Associate,4800,4080
Microsoft,MS-040,Microsoft Certified: Information Protection and Compliance Administrator Associate,4800,4080
Microsoft,MS-041,Microsoft Certified: Power Automate RPA Developer Associate,4800,4080
Microsoft,MS-042,Microsoft Certified: Power BI Data Analyst Associate,4800,4080
Microsoft,MS-043,Microsoft Certified: Power Platform App Maker Associate,4800,4080
Microsoft,MS-044,Microsoft Certified: Power Platform Developer Associate,4800,4080
Microsoft,MS-045,Microsoft Certified: Power Platform Functional Consultant Associate,4800,4080
Microsoft,MS-046,Microsoft Certified: Power Platform Fundamentals,3696,3142
Microsoft,MS-047,Microsoft Certified: Power Platform Solution Architect Expert,4800,4080
Microsoft,MS-048,Microsoft Certified: Security Operations Analyst Associate,4800,4080
Microsoft,MS-049,Microsoft Certified: Security Compliance and Identity Fundamentals,3696,3142
Microsoft,MS-050,Microsoft Certified: Windows Server Hybrid Administrator Associate,4800,4080
Microsoft,MS-051,Microsoft Office Specialist: 2016 Master,8500,7225
Microsoft,MS-052,Microsoft Office Specialist: Access (Office 2016),8500,7225
Microsoft,MS-053,Microsoft Office Specialist: Associate (Microsoft 365 Apps),8500,7225
Microsoft,MS-054,Microsoft Office Specialist: Associate (Office 2019),8500,7225
Microsoft,MS-055,Microsoft Office Specialist: Excel (Office 2016),8500,7225
Microsoft,MS-056,Microsoft Office Specialist: Excel Associate (Microsoft 365 Apps),8500,7225
Microsoft,MS-057,Microsoft Office Specialist: Excel Associate (Office 2019),8500,7225
Microsoft,MS-058,Microsoft Office Specialist: Excel Expert (Microsoft 365 Apps),8500,7225
Microsoft,MS-059,Microsoft Office Specialist: Excel Expert (Office 2016),8500,7225
Microsoft,MS-060,Microsoft Office Specialist: Expert (Microsoft 365 Apps),8500,7225
Microsoft,MS-061,Microsoft Office Specialist: Expert (Office 2019),8500,7225
Microsoft,MS-062,Microsoft Office Specialist: Microsoft Access Expert (Office 2019),8500,7225
Microsoft,MS-063,Microsoft Office Specialist: Microsoft Excel Expert (Office 2019),8500,7225
Microsoft,MS-064,Microsoft Office Specialist: Microsoft Word Expert (Office 2019),8500,7225
Microsoft,MS-065,Microsoft Office Specialist: Outlook (Office 2016),8500,7225
Microsoft,MS-066,Microsoft Office Specialist: Outlook Associate (Office 2019),8500,7225
Microsoft,MS-067,Microsoft Office Specialist: PowerPoint (Office 2016),8500,7225
Microsoft,MS-068,Microsoft Office Specialist: PowerPoint Associate (Microsoft 365 Apps),8500,7225
Microsoft,MS-069,Microsoft Office Specialist: PowerPoint Associate (Office 2019),8500,7225
Microsoft,MS-070,Microsoft Office Specialist: Word (Office 2016),8500,7225
Microsoft,MS-071,Microsoft Office Specialist: Word Associate (Microsoft 365 Apps),8500,7225
Microsoft,MS-072,Microsoft Office Specialist: Word Associate (Office 2019),8500,7225
Microsoft,MS-073,Microsoft Office Specialist: Word Expert (Microsoft 365 Apps),8500,7225
Microsoft,MS-074,Microsoft Office Specialist: Word Expert (Office 2016),8500,7225
Google,GCP-001,Professional Machine Learning Engineer,17000,13940
Google,GCP-002,Professional Google Workspace Administrator,17000,13940
Google,GCP-003,Professional Cloud Network Engineer,17000,13940
Google,GCP-004,Professional Cloud Security Engineer,17000,13940
Google,GCP-005,Professional Cloud DevOps Engineer,17000,13940
Google,GCP-006,Professional Cloud Developer,17000,13940
Google,GCP-007,Professional Cloud Database Engineer,17000,13940
Google,GCP-008,Professional Cloud Architect,17000,13940
Google,GCP-009,Associate Cloud Engineer,10625,8712
Cisco,CSC-001,CCNP Enterprise 300-415 ENSDWI,25500,25500
Cisco,CSC-002,Cisco Certified Support Technician (CCST) Cybersecurity,10625,10625
Cisco,CSC-003,Cisco Certified DevNet Expert,34000,34000
Cisco,CSC-004,CCDE,38250,38250
Cisco,CSC-005,CCIE Service Provider,34000,34000
Cisco,CSC-006,CCIE Security,34000,34000
Cisco,CSC-007,CCIE Data Center,34000,34000
Cisco,CSC-008,CCIE Collaboration,34000,34000
Cisco,CSC-009,CCIE Enterprise Wireless,34000,34000
Cisco,CSC-010,CCIE Enterprise Infrastructure,34000,34000
Cisco,CSC-011,Cisco Certified DevNet Professional 300-535 SPAUTO,25500,25500
Cisco,CSC-012,Cisco Certified DevNet Professional 300-735 SAUTO,25500,25500
Cisco,CSC-013,Cisco Certified DevNet Professional 300-635 DCAUTO,25500,25500
Cisco,CSC-014,Cisco Certified DevNet Professional 300-835 CLAUTO,25500,25500
Cisco,CSC-015,Cisco Certified DevNet Professional 300-435 ENAUTO,25500,25500
Cisco,CSC-016,Cisco Certified DevNet Professional 300-910 DEVOPS,25500,25500
Cisco,CSC-017,Cisco Certified DevNet Professional 350-901 DEVCOR,34000,34000
Cisco,CSC-018,Cisco Certified CyberOps Professional 300-220 CBRTHD,25500,25500
Cisco,CSC-019,Cisco Certified CyberOps Professional 300-215 CBRFIR,25500,25500
Cisco,CSC-020,Cisco Certified CyberOps Professional 350-201 CBRCOR,34000,34000
Cisco,CSC-021,CCNP Collaboration 300-835 CLAUTO,25500,25500
Cisco,CSC-022,CCNP Collaboration 300-820 CLCEI,25500,25500
Cisco,CSC-023,CCNP Collaboration 300-815 CLACCM,25500,25500
Cisco,CSC-024,CCNP Collaboration 300-810 CLICA,25500,25500
Cisco,CSC-025,CCNP Collaboration 350-801 CLCOR,34000,34000
Cisco,CSC-026,CCNP Service Provider 300-540 SPCNI,25500,25500
Cisco,CSC-027,CCNP Service Provider 300-535 SPAUTO,25500,25500
Cisco,CSC-028,CCNP Service Provider 300-515 SPVI,25500,25500
Cisco,CSC-029,CCNP Service Provider 300-510 SPRI,25500,25500
Cisco,CSC-030,CCNP Service Provider 350-501 SPCOR,34000,34000
Cisco,CSC-031,CCNP Security 300-740 SCAZT,25500,25500
Cisco,CSC-032,CCNP Security 300-735 SAUTO,25500,25500
Cisco,CSC-033,CCNP Security 300-730 SVPN,25500,25500
Cisco,CSC-034,CCNP Security 300-725 SWSA,25500,25500
Cisco,CSC-035,CCNP Security 300-720 SESA,25500,25500
Cisco,CSC-036,CCNP Security 300-715 SISE,25500,25500
Cisco,CSC-037,CCNP Security 300-710 SNCF,25500,25500
Cisco,CSC-038,CCNP Security 350-701 SCOR,34000,34000
Cisco,CSC-039,CCNP Data Center 300-635 DCAUTO,25500,25500
Cisco,CSC-040,CCNP Data Center 300-620 DCACI,25500,25500
Cisco,CSC-041,CCNP Data Center 300-615 DCIT,25500,25500
Cisco,CSC-042,CCNP Data Center 300-610 DCID,25500,25500
Cisco,CSC-043,CCNP Data Center 350-601 DCCOR,34000,34000
Cisco,CSC-044,CCNP Enterprise 300-435 ENAUTO,25500,25500
Cisco,CSC-045,CCNP Enterprise 300-430 ENWLSI,25500,25500
Cisco,CSC-046,CCNP Enterprise 300-425 ENWLSD,25500,25500
Cisco,CSC-047,CCNP Enterprise 300-420 ENSLD,25500,25500
Cisco,CSC-048,CCNP Enterprise 300-410 ENARSI,25500,25500
Cisco,CSC-049,CCNP Enterprise 350-401 ENCOR,34000,34000
Cisco,CSC-050,Cisco Certified CyberOps Associate,25500,25500
Cisco,CSC-051,Cisco Certified DevNet Associate,25500,25500
Cisco,CSC-052,Cisco Certified Network Associate (CCNA),25500,25500
Cisco,CSC-053,Cisco Certified Support Technician (CCST) Networking,10625,10625
Red Hat,RH-001,Red Hat Certified Specialist in MultiCluster Management,20000,20000
Red Hat,RH-002,Red Hat Certified Specialist in Cloud-native Integration,20000,20000
Red Hat,RH-003,Red Hat Certified Specialist in OpenShift Virtualization,20000,20000
Red Hat,RH-004,Red Hat Certified Specialist in OpenShift Data Foundation,20000,20000
Red Hat,RH-005,Red Hat Certified Specialist in OpenShift Automation and Integration,20000,20000
Red Hat,RH-006,Red Hat Certified Specialist in Building Resilient Microservices,20000,20000
Red Hat,RH-007,Red Hat Certified Specialist in Developing Automation with Ansible Automation Platform,20000,20000
Red Hat,RH-008,Red Hat Certified Specialist in Ansible Network Automation,20000,20000
Red Hat,RH-009,Red Hat Certified Specialist in Ceph Cloud Storage,20000,20000
Red Hat,RH-010,Red Hat Certified Cloud-Native Developer,20000,20000
Red Hat,RH-011,Red Hat Certified Specialist in API management,20000,20000
Red Hat,RH-012,Red Hat Certified Specialist in Security: Linux,20000,20000
Red Hat,RH-013,Red Hat Certified Specialist in Identity Management,20000,20000
Red Hat,RH-014,Red Hat Certified Specialist in Linux Diagnostics and Troubleshooting,20000,20000
Red Hat,RH-015,Red Hat Certified Specialist in Linux Performance Tuning,20000,20000
Red Hat,RH-016,Red Hat Certified OpenShift Application Developer,20000,20000
Red Hat,RH-017,Red Hat Certified OpenShift Administrator,20000,20000
Red Hat,RH-018,Red Hat Certified Specialist in High Availability Clustering,20000,20000
Red Hat,RH-019,Red Hat Certified Specialist in Deployment and Systems Management,20000,20000
Red Hat,RH-020,Red Hat Certified Specialist in Enterprise Application Server Administration,20000,20000
Red Hat,RH-021,Red Hat Certified Specialist in Virtualization,20000,20000
Red Hat,RH-022,Red Hat Certified Enterprise Application Developer,20000,20000
Red Hat,RH-023,Red Hat Certified Engineer (RHCE),20000,20000
Red Hat,RH-024,Red Hat Certified System Administrator (RHCSA),20000,20000
Red Hat,RH-025,Red Hat Certified Specialist in Services Management and Automation,20000,20000
Red Hat,RH-026,Red Hat Certified Specialist in Event-Driven Development with Kafka,38250,38250
HPE Aruba,HPE-001,HPE ATP - Hybrid Cloud,17000,17000
HPE Aruba,HPE-002,HPE ASE - Storage Solutions,21250,21250
HPE Aruba,HPE-003,HPE Master ASE - Storage Solutions,21250,21250
HPE Aruba,HPE-004,HPE Product Certified - OneView,17000,17000
HPE Aruba,HPE-005,HPE Product Certified - HPE OpsRamp,2550,2550
HPE Aruba,HPE-006,HPE Product Certified - HPE Ezmeral Data Fabric,2550,2550
HPE Aruba,HPE-007,HPE Product Certified - Containers,17000,17000
HPE Aruba,HPE-008,Aruba Certified Switching Associate (ACSA),10625,10625
HPE Aruba,HPE-009,HPE Aruba Certified Network Architect - Data Center,34000,34000
HPE Aruba,HPE-010,HPE Aruba Certified Network Architect - Campus Access,14025,14025
HPE Aruba,HPE-011,Aruba Certified Switching Professional (ACSP),19550,19550
HPE Aruba,HPE-012,Aruba Certified Switching Expert (ACSX),65025,65025
HPE Aruba,HPE-013,HPE Solution Certified - Virtual Desktop Infrastructure,17000,17000
VMware,VMW-001,HPE Solution Certified - VMware,17000,17000
HPE Aruba,HPE-014,HPE Solution Certified - SAP HANA,22100,22100
Microsoft,MS-075,HPE Solution Certified - Microsoft,17000,14450
HPE Aruba,HPE-015,HPE Solution Certified - Data Protection,17000,17000
HPE Aruba,HPE-016,HPE Solution Certified - Containers,17000,17000
HPE Aruba,HPE-017,HPE ASE - Edge-to-Cloud Architect,17000,17000
HPE Aruba,HPE-018,HPE Master ASE - Edge-to-Cloud Architect,17000,17000
HPE Aruba,HPE-019,HPE Product Certified - AI and Machine Learning,12325,12325
HPE Aruba,HPE-020,HPE Solution Certified - HPE GreenLake,17000,17000
HPE Aruba,HPE-021,HPE ATP - HPE GreenLake Administrator Foundations,17000,17000
HPE Aruba,HPE-022,HPE ASE - HPE GreenLake Administrator,17000,17000
HPE Aruba,HPE-023,HPE ASE - Compute Solutions,17000,17000
HPE Aruba,HPE-024,HPE Master ASE - Compute Solutions,17000,17000
HPE Aruba,HPE-025,HPE Sales Certified - Solution Foundations [2024],11050,11050
HPE Aruba,HPE-026,HPE Sales Certified - Hybrid by Design [2024],11050,11050
HPE Aruba,HPE-027,HPE Sales Certified - Aruba Networking Solutions,11050,11050
Intel,INT-001,Intel® Certified Pro: Cloud Solutions Architect (CSA),16915,16915
Intel,INT-002,Intel® Certified Pro: Cloud Business Professional,16915,16915
Intel,INT-003,Intel® Certified Pro: Cloud Technical Professional,16915,16915
Intel,INT-004,Intel® Certified Pro: Cloud Fundamentals,8415,8415
Veritas,VER-001,Administration of Veritas InfoScale Availability 7.3 for UNIX/Linux,19125,19125
Veritas,VER-002,Administration of Veritas InfoScale Storage 7.3 for UNIX/Linux,19125,19125
Veritas,VER-003,Administration of Veritas Backup Exec 20.1,19125,19125
Veritas,VER-004,Administration of Veritas Backup Exec 21,17000,17000
Veritas,VER-005,Veritas NetBackup 10.x Administrator,17000,17000
Veritas,VER-006,Veritas NetBackup 10.x and NetBackup Appliance 5.x Administrator,17000,17000
Veritas,VER-007,Administration of Veritas eDiscovery Platform 8.2 for Administrators,19125,19125
Veritas,VER-008,Administration of Veritas Enterprise Vault 12.3,19125,19125
NetApp,NA-001,NetApp Certified Implementation Engineer - SAN Specialist E-Series,5596,5596
NetApp,NA-002,NetApp Certified Storage Installation Engineer ONTAP,5596,5596
Cisco,CSC-054,Cisco and NetApp Certified FlexPod Implementation and Administration Specialist,11192,11192
Cisco,CSC-055,Cisco and NetApp Certified FlexPod Design Specialist,11192,11192
NetApp,NA-003,NetApp Certified Support Engineer ONTAP Specialist,5596,5596
NetApp,NA-004,NetApp Certified Support Engineer ONTAP Professional,5596,5596
NetApp,NA-005,NetApp Certified Implementation Engineer Data Protection Specialist,5596,5596
NetApp,NA-006,NetApp Certified Implementation Engineer—SAN Specialist ONTAP,5596,5596
NetApp,NA-007,NetApp Certified Hybrid Cloud Architect,5596,5596
NetApp,NA-008,NetApp Certified Hybrid Cloud Implementation Engineer,5596,5596
NetApp,NA-009,NetApp Certified Hybrid Cloud Administrator,5596,5596
NetApp,NA-010,NetApp Certified Data Administrator ONTAP,5596,5596
NetApp,NA-011,NetApp Certified Technology Solutions Professional,5596,5596
VMware,VMW-002,VMware Tanzu Mission Control Specialist,21250,21250
VMware,VMW-003,VMware Certified Professional - Tanzu for Kubernetes Operations 2024 (VCP-TKO 2024) certification,21250,21250
VMware,VMW-004,VMware Certified Technical Associate - Application Modernization 2024 (VCTA-AM 2024),10625,10625
VMware,VMW-005,VMware Carbon Black Cloud Endpoint Standard Skills 2024,21250,21250
VMware,VMW-006,VMware Carbon Black Cloud Enterprise EDR Skills 2024,21250,21250
VMware,VMW-007,VMware Carbon Black Cloud Audit and Remediation Skills 2024,21250,21250
VMware,VMW-008,VMware Certified Professional - Endpoint and Workload Security 2024 (VCP-EWS 2024),21250,21250
VMware,VMW-009,VMware Certified Technical Associate - Security 2024 (VCTA-SEC 2024),10625,10625
VMware,VMW-010,VMware Workspace ONE for macOS Skills 2024,21250,21250
VMware,VMW-011,VMware Certified Specialist - Workspace ONE 21.X UEM Troubleshooting 2024,21250,21250
VMware,VMW-012,VMware Workspace ONE 21.X Advanced Integration Specialist,21250,21250
VMware,VMW-013,VMware Certified Professional - Digital Workspace 2024 (VCP-DW 2024),21250,21250
VMware,VMW-014,VMware Certified Design Expert - End-User Computing 2024 (VCDX-EUC 2024),38250,38250
VMware,VMW-015,VMware Certified Advanced Professional - Desktop Management Deploy 2024 (VCAP-DTM Deploy 2024),38250,38250
VMware,VMW-016,VMware Certified Advanced Professional – End-User Computing Design 2024 (VCAP-EUC Design 2024),38250,38250
VMware,VMW-017,VMware Certified Advanced Professional - Desktop Management Design 2024 (VCAP-DTM 2024),38250,38250
VMware,VMW-018,VMware Certified Professional - Desktop Management 2024 (VCP-DTM 2024),21250,21250
VMware,VMW-019,VMware Certified Technical Associate - End-User Computing 2024 (VCTA-EUC 2024),10625,10625
Microsoft,MS-076,VMware Aria Cost powered by CloudHealth Platform (Azure) Skills 2024,21250,18062
VMware,VMW-020,VMware Telco Cloud Platform Specialist Skills 2024,21250,21250
VMware,VMW-021,VMware Telco Cloud Automation Skills 2024,21250,21250
VMware,VMW-022,VMware Telco Cloud NFV Skills 2024,21250,21250
VMware,VMW-023,VMware Certified Professional - Tanzu for Kubernetes Operations 2024 (VCP-TKO 2024),21250,21250
VMware,VMW-024,VMware Certified Design Expert - Cloud Management and Automation 2024 (VCDX-CMA 2024),38250,38250
VMware,VMW-025,VMware Certified Advanced Professional - Cloud Management and Automation Design 2024 (VCAP-CMA Design 2024),38250,38250
VMware,VMW-026,VMware Certified Advanced Professional - Cloud Management and Automation Deployment 2024 (VCAP-CMA Deploy 2024),38250,38250
VMware,VMW-027,VMware Certified Professional - Cloud Operations 2024 (VCP-CO 2024),21250,21250
VMware,VMW-028,VMware Certified Professional - VMware Cloud 2024 (VCP-VMC 2024),21250,21250
VMware,VMW-029,VMware Certified Professional - Cloud Management and Automation 2024 (VCP-CMA 2024),21250,21250
VMware,VMW-030,VMware Certified Technical Associate - Cloud Management and Automation 2024 (VCTA-CMA 2024),10625,10625
VMware,VMW-031,VMware SD-WAN Troubleshoot Skills 2024,21250,21250
VMware,VMW-032,VMware NSX Advanced Load Balancer(Avi) for Operators Skills 2024,21250,21250
VMware,VMW-033,VMware SD-WAN Foundations Skills 2024,10625,10625
VMware,VMW-034,VMware SD-WAN Design and Deploy Skills 2024,21250,21250
VMware,VMW-035,VMware Certified Advanced Professional - Network Virtualization Deploy 2024 (VCAP-NV Deploy 2024),38250,38250
VMware,VMW-036,VMware Certified Professional - Network Virtualization 2024 (VCP-NV 2024),21250,21250
VMware,VMW-037,VMware Certified Technical Associate - Network Virtualization 2024 (VCTA-NV 2024),10625,10625
VMware,VMW-038,VMware Certified Advanced Professional - Data Center Virtualization Deploy 2024 (VCAP-DCV Deploy 2024),38250,38250
VMware,VMW-039,VMware Certified Advanced Professional - Data Center Virtualization Design 2024 (VCAP-DCV Design 2024),38250,38250
VMware,VMW-040,VMware Certified Professional - Data Center Virtualization 2024 (VCP-DCV 2024),21250,21250
VMware,VMW-041,VMware Certified Technical Associate - Data Center Virtualization 2024 (VCTA-DCV 2024),10625,10625
VMware,VMW-042,VMware Certified Master Specialist – HCI 2024,21250,21250
VMware,VMW-043,VMware Certified Specialist - vSphere with Tanzu 2024,21250,21250
VMware,VMW-044,VMware Certified Specialist - vRealize Operations 2024,21250,21250
VMware,VMW-045,VMware Certified Master Specialist - VMware Cloud on AWS 2024,21250,21250
VMware,VMW-046,VMware vRealize Operations - Cloud Management Automation 2024,21250,21250
VMware,VMW-047,VMware Certified Specialist - vSAN 2024,21250,21250
VMware,VMW-048,VMware Certified Specialist - Cloud Provider 2024,21250,21250
Palo Alto,PA-001,Palo Alto Networks Certified Software Firewall Engineer,14875,14875
Palo Alto,PA-002,Palo Alto Networks Certified Detection and Remediation Analyst,13175,13175
Palo Alto,PA-003,Palo Alto Networks Certified Security Automation Engineer,14875,14875
Palo Alto,PA-004,Prisma Certified Cloud Security Engineer,14875,14875
Palo Alto,PA-005,Palo Alto Networks Certified Network Security Engineer,14875,14875
Palo Alto,PA-006,Palo Alto Networks Certified Network Security Administrator,13175,13175
Palo Alto,PA-007,Palo Alto Networks Certified Cybersecurity Entry-level Technician,9350,9350
Palo Alto,PA-008,Palo Alto Networks Certified Cybersecurity practitioner,12750,12750
Palo Alto,PA-009,Palo Alto Networks Certified Cybersecurity Apprentice,12750,12750
Intel,INT-005,Certified Artificial Intelligence & Investigations Expert (CAIIE) - In Person Training,339745,339745
Intel,INT-006,Certified Artificial Intelligence & Investigations Expert (CAIIE),84745,84745
Intel,INT-007,Certified All Source Intelligence Professional (CASIP),84745,84745
Intel,INT-008,Certified Counterintelligence Threat Analyst (CCTA),76245,76245
Intel,INT-009,Certified Social Media Intelligence Analyst (SMIA),42245,42245
Intel,INT-010,Certified Cyber Intelligence Professional (CCIP),46495,46495
Intel,INT-011,Certified Social Media Intelligence Expert (CSMIE),84745,84745
Intel,INT-012,Certified Cyber Intelligence Investigator (CCII),46495,46495
Intel,INT-013,Certified in Open Source Intelligence (C|OSINT),84745,84745
Check Point,CP-001,Check Point Certified PenTesting Associate – DevSecOps (CCPA-D),21250,21250
Check Point,CP-002,Check Point Certified PenTesting Expert-Cloud Security (CCPE-C),21250,21250
Check Point,CP-003,Check Point Certified PenTesting Expert-AppSec for Developers (CCPE-A),21250,21250
Check Point,CP-004,Check Point Certified PenTesting Expert – Hacking IoT (CCPE-IoT),21250,21250
Check Point,CP-005,Check Point Certified PenTesting Expert-Web Hacking (CCPE-W),21250,21250
Check Point,CP-006,Check Point Certified PenTesting Expert-Infrastructure Hacking (CCPE-I),21250,21250
Check Point,CP-007,Check Point Certified PenTesting Associate,21250,21250
Check Point,CP-008,Checkpoint Certified Troubleshooting Expert,21250,21250
Check Point,CP-009,Checkpoint Certified Troubleshooting Administrator (CCTA),17000,17000
Check Point,CP-010,Checkpoint Certified Virtual System Extension Specialist,17000,17000
Check Point,CP-011,Checkpoint Certified Multi - Domain Security Management Specialist,17000,17000
Check Point,CP-012,Checkpoint Certified Harmony Endpoint Specialist (CCES),17000,17000
Microsoft,MS-077,Checkpoint Certified Cloud Network Security Expert for Azure,17000,14450
Check Point,CP-013,Checkpoint Certified Cloud Network Security Expert for AWS,17000,17000
Check Point,CP-014,Checkpoint Certified Cloud Specialist,17000,17000
Check Point,CP-015,Checkpoint Certified Maestro Expert (CCME),21250,21250
Check Point,CP-016,Checkpoint Certified Automation Specialist (CCAS),17000,17000
Check Point,CP-017,Check Point Certified Security Expert,21250,21250
Check Point,CP-018,Check Point Certified Security Administrator,21250,21250
Citrix,CTX-001,Citrix Certified Expert - Virtualization (CCE-V),25500,25500
Citrix,CTX-002,Citrix Certified Professional - App Delivery and Security (CCP-AppDS),25500,25500
Citrix,CTX-003,Citrix Certified Professional - Virtualization (CCP-V),25500,25500
Citrix,CTX-004,Citrix Certified Associate - App Delivery and Security (CCA-AppDS),17000,17000
Citrix,CTX-005,Citrix Certified Associate - Virtualization (CCA-V),17000,17000
PMI,PMI-001,PMI Professional in Business Analysis (PMI-PBA),23288,23288
PMI,PMI-002,PMI Agile Certified Practitioner (PMI-ACP),25010,25010
PMI,PMI-003,PMI Risk Management Professional (PMI-RMP),29848,29848
PMI,PMI-004,PMI Construction Professional (PMI-CP),28618,28618
PeopleCert,PC-001,PeopleCert Lean - IASSC Certified Lean Expert Re-certification,18700,18700
PeopleCert,PC-002,PeopleCert Lean - IASSC Certified Lean Leader Re-certification,13750,13750
PeopleCert,PC-003,PeopleCert Lean - IASSC Certified Lean Practitioner - Re-certification,8800,8800
PeopleCert,PC-004,PeopleCert Lean - IASSC Certified Lean Expert,27500,27500
PeopleCert,PC-005,PeopleCert Lean - IASSC Certified Lean Leader,19800,19800
PeopleCert,PC-006,PeopleCert Lean - IASSC Certified Lean Practitioner,12100,12100
PeopleCert,PC-007,RESILIA Practitioner,39050,39050
PeopleCert,PC-008,RESILIA Foundation,35750,35750
PeopleCert,PC-009,PeopleCert SCRUM Product Owner II,26950,26950
PeopleCert,PC-010,PeopleCert SCRUM Product Owner I,23650,23650
PeopleCert,PC-011,PeopleCert SCRUM Master II,26950,26950
PeopleCert,PC-012,PeopleCert Scrum Master I,20350,20350
PeopleCert,PC-013,PeopleCert Scrum Developer,23650,23650
PeopleCert,PC-014,M_o_R Re-registration (3rd edition),39050,39050
PeopleCert,PC-015,M_o_R Practitioner (3rd edition),39050,39050
PeopleCert,PC-016,M_o_R Foundation (3rd edition),35750,35750
PeopleCert,PC-017,M_o_R 4 Practitioner,48950,48950
PeopleCert,PC-018,PeopleCert Data Science: Data Analyst,26950,26950
PeopleCert,PC-019,PeopleCert Data Science: Foundation,20350,20350
PeopleCert,PC-020,P3O Practitioner Re-registration,39050,39050
PeopleCert,PC-021,P3O Practitioner,39050,39050
PeopleCert,PC-022,P3O Foundation,35750,35750
PeopleCert,PC-023,MSP Practitioner Re-registration,39050,39050
PeopleCert,PC-024,MSP Practitioner 4th edition,39050,39050
PeopleCert,PC-025,MSP Foundation 4th edition,35750,35750
PeopleCert,PC-026,MSP Practitioner 5th edition,45100,45100
PeopleCert,PC-027,MSP Foundation 5th edition,41800,41800
PeopleCert,PC-028,MoV Practitioner,39050,39050
PeopleCert,PC-029,MoV Foundation,35750,35750
PeopleCert,PC-030,MoP Practitioner,39050,39050
PeopleCert,PC-031,MoP Foundation (IB),35750,35750
PeopleCert,PC-032,PRINCE2 Agile Practitioner,45100,45100
PeopleCert,PC-033,PRINCE2 Agile Foundation,41800,41800
PeopleCert,PC-034,PRINCE2 Re-registration 5th edition,39050,39050
PeopleCert,PC-035,PRINCE2 Practitioner 5th edition,39050,39050
PeopleCert,PC-036,PRINCE2 Foundation 5th edition,35750,35750
PeopleCert,PC-037,PRINCE2 Practitioner 6th edition,45100,45100
PeopleCert,PC-038,PRINCE2 Foundation 6th edition,41800,41800
PeopleCert,PC-039,PRINCE2 7 Practitioner,45100,45100
PeopleCert,PC-040,PRINCE2 7 Foundation,41800,41800
PeopleCert,PC-041,PeopleCert Lean IT Leadership,24750,24750
PeopleCert,PC-042,PeopleCert Lean IT Kaizen,24750,24750
PeopleCert,PC-043,PeopleCert Lean IT Foundation,24750,24750
PeopleCert,PC-044,COBIT 5 Implementation,41800,41800
PeopleCert,PC-045,COBIT 5 Assessor for Security,41800,41800
PeopleCert,PC-046,COBIT 5 Assessor,41800,41800
PeopleCert,PC-047,Implementing the NIST Standards using COBIT 5,41800,41800
PeopleCert,PC-048,COBIT 5 Foundation,26950,26950
ITIL,ITIL-001,ITIL 4 Specialist: High-Velocity IT,47850,47850
ITIL,ITIL-002,ITIL 4 Specialist: Drive Stakeholder Value,47850,47850
ITIL,ITIL-003,ITIL 4 Strategist: Direct Plan and Improve,47850,47850
ITIL,ITIL-004,ITIL 4 Specialist: Create Deliver and Support,53900,53900
ITIL,ITIL-005,ITIL 4 Leader: Digital & IT Strategy,47850,47850
ITIL,ITIL-006,ITIL 4 Specialist: Sustainability in Digital and IT,47850,47850
ITIL,ITIL-007,ITIL 4 Specialist: Plan Implement and Control,53900,53900
ITIL,ITIL-008,ITIL 4 Specialist: Monitor Support and Fulfil,53900,53900
ITIL,ITIL-009,ITIL 4 Specialist: IT Asset Management,53900,53900
ITIL,ITIL-010,ITIL 4 Specialist: Collaborate Assure and Improve,53900,53900
ITIL,ITIL-011,ITIL 4 Specialist: Business Relationship Management,53900,53900
ITIL,ITIL-012,ITIL 4 Specialist: Acquiring & Managing Cloud Services,47850,47850
ITIL,ITIL-013,ITIL 4 Practitioner: Supplier Management,17710,17710
ITIL,ITIL-014,ITIL 4 Practitioner: Service Request Management,17710,17710
ITIL,ITIL-015,ITIL 4 Practitioner: Service level Management,17710,17710
ITIL,ITIL-016,ITIL 4 Practitioner: Service Desk,17710,17710
ITIL,ITIL-017,ITIL 4 Practitioner: Service Configuration Management,17710,17710
ITIL,ITIL-018,ITIL 4 Practitioner: Release Management,17710,17710
ITIL,ITIL-019,ITIL 4 Practitioner: Relationship Management,17710,17710
ITIL,ITIL-020,ITIL 4 Practitioner: Problem Management,17710,17710
ITIL,ITIL-021,ITIL 4 Practitioner: Monitoring and Event Management,17710,17710
ITIL,ITIL-022,ITIL 4 Practitioner: IT Asset Management,17710,17710
ITIL,ITIL-023,ITIL 4 Practitioner: Information Security Management,17710,17710
ITIL,ITIL-024,ITIL 4 Practitioner: Incident Management,17710,17710
ITIL,ITIL-025,ITIL 4 Practitioner: Deployment Management,17710,17710
ITIL,ITIL-026,ITIL 4 Practitioner: Continual Improvement,17710,17710
ITIL,ITIL-027,ITIL 4 Practitioner: Change Enablement,17710,17710
ITIL,ITIL-028,ITIL 4 Foundation,41800,41800
Oracle,ORA-001,Oracle Cloud Infrastructure 2023 Certified Multicloud Architect Associate,10419,10419
Oracle,ORA-002,Oracle Utilities Customer Cloud Service 2022 Certified Implementation Professional,20421,20421
Oracle,ORA-003,Oracle Utilities Work and Asset Cloud Service 2022 Certified Implementation Professional,20421,20421
Oracle,ORA-004,Oracle Utilities Meter Solution Cloud Service 2022 Certified Implementation Professional,20421,20421
Oracle,ORA-005,Oracle Fusion Cloud Procurement 2023 Certified Implementation Professional,20421,20421
Oracle,ORA-006,Oracle Fusion Cloud Procurement 2023 Certified Implementation Professional - Delta,10419,10419
Oracle,ORA-007,Oracle Maintenance Cloud 2023 Certified Implementation Professional - Delta,10419,10419
Oracle,ORA-008,Oracle Product Lifecycle Management 2023 Certified Implementation Professional,20421,20421
Oracle,ORA-009,Oracle Product Lifecycle Management 2023 Certified Implementation Professional - Delta,10419,10419
Oracle,ORA-010,Oracle Fusion Transportation and Global Trade Management Cloud 2023 Certified Implementation Professional,20421,20421
Oracle,ORA-011,Oracle Fusion Transportation and Global Trade Management Cloud 2023 Certified Implementation Professional - Delta,10419,10419
Oracle,ORA-012,Oracle Warehouse Management Cloud 2023 Certified Implementation Professional,20421,20421
Oracle,ORA-013,Oracle Warehouse Management Cloud 2023 Certified Implementation Professional - Delta,10419,10419
Oracle,ORA-014,Oracle Planning and Collaboration Cloud 2023 Certified Implementation Professional,20421,20421
Oracle,ORA-015,Oracle Planning and Collaboration Cloud 2023 Certified Implementation Professional - Delta,10419,10419
Oracle,ORA-016,Oracle Manufacturing Cloud 2023 Certified Implementation Professional,20421,20421
Oracle,ORA-017,Oracle Manufacturing Cloud 2023 Certified Implementation Professional - Delta,10419,10419
Oracle,ORA-018,Oracle Order Management Cloud Order to Cash 2023 Certified Implementation Professional,20421,20421
Oracle,ORA-019,Oracle Order Management Cloud Order to Cash 2023 Certified Implementation Professional - Delta,10419,10419
Oracle,ORA-020,Oracle Inventory Cloud 2023 Certified Implementation Professional,20421,20421
Oracle,ORA-021,Oracle Inventory Cloud 2023 Certified Implementation Professional - Delta,10419,10419
Oracle,ORA-022,Oracle Cost Management Cloud 2023 Certified Implementation Professional,20421,20421
Oracle,ORA-023,Oracle Cost Management Cloud 2023 Certified Implementation Professional - Delta,10419,10419
Oracle,ORA-024,Oracle Enterprise Data Management Cloud 2023 Certified Implementation Professional,20421,20421
Oracle,ORA-025,Oracle Enterprise Data Management Cloud 2023 Certified Implementation Professional - Delta,10419,10419
Oracle,ORA-026,Oracle Account Reconciliation 2023 Certified Implementation Professional,20421,20421
Oracle,ORA-027,Oracle Account Reconciliation 2023 Certified Implementation Professional - Delta,10419,10419
Oracle,ORA-028,Oracle Profitability and Cost Management 2023 Certified Implementation Professional,20421,20421
Oracle,ORA-029,Oracle Profitability and Cost Management 2023 Certified Implementation Professional - Delta,10419,10419
Oracle,ORA-030,Oracle Planning 2023 Certified Implementation Professional - Delta,10419,10419
Oracle,ORA-031,Oracle Planning 2023 Certified Implementation Professional,20421,20421
Oracle,ORA-032,Oracle Narrative Reporting 2023 Certified Implementation Professional,20421,20421
Oracle,ORA-033,Oracle Narrative Reporting 2023 Certified Implementation Professional - Delta,10419,10419
Oracle,ORA-034,Oracle Financial Consolidation and Close 2023 Certified Implementation Professional,20421,20421
Oracle,ORA-035,Oracle Financial Consolidation and Close 2023 Certified Implementation Professional - Delta,10419,10419
Oracle,ORA-036,Oracle Time and Labor Cloud 2023 Certified Implementation Professional,20421,20421
Oracle,ORA-037,Oracle Time and Labor Cloud 2023 Certified Implementation Professional - Delta,10419,10419
Oracle,ORA-038,Oracle Absence Management Cloud 2023 Certified Implementation Professional,20421,20421
Oracle,ORA-039,Oracle Absence Management Cloud 2023 Certified Implementation Professional - Delta,10419,10419
Oracle,ORA-040,Oracle Payroll Cloud 2023 Certified Implementation Professional,20421,20421
Oracle,ORA-041,Oracle Payroll Cloud 2023 Certified Implementation Professional - Delta,10419,10419
Oracle,ORA-042,Oracle Compensation Cloud 2023 Certified Implementation Professional,20421,20421
Oracle,ORA-043,Oracle Compensation Cloud 2023 Certified Implementation Professional - Delta,10419,10419
Oracle,ORA-044,Oracle Benefits Cloud 2023 Certified Implementation Professional,20421,20421
Oracle,ORA-045,Oracle Benefits Cloud 2023 Certified Implementation Professional - Delta,10419,10419
Oracle,ORA-046,Oracle Recruiting Cloud 2023 Certified Implementation Professional,20421,20421
Oracle,ORA-047,Oracle Recruiting Cloud 2023 Certified Implementation Professional - Delta,10419,10419
Oracle,ORA-048,Oracle Learning Cloud 2023 Certified Implementation Professional,20421,20421
Oracle,ORA-049,Oracle Learning Cloud 2023 Certified Implementation Professional - Delta,10419,10419
Oracle,ORA-050,Oracle Talent Management Cloud 2023 Certified Implementation Professional,20421,20421
Oracle,ORA-051,Oracle Talent Management Cloud 2023 Certified Implementation Professional - Delta,10419,10419
Oracle,ORA-052,Oracle Global Human Resources Cloud 2023 Certified Implementation Professional - Delta,10419,10419
Oracle,ORA-053,Oracle Risk Management Cloud 2023 Certified Implementation Professional,20421,20421
Oracle,ORA-054,Oracle Risk Management Cloud 2023 Certified Implementation Professional - Delta,10419,10419
Oracle,ORA-055,Oracle Project Management Cloud 2023 Certified Implementation Professional - Delta,10419,10419
Oracle,ORA-056,Oracle Project Management Cloud 2023 Certified Implementation Professional,20421,20421
Oracle,ORA-057,Oracle Revenue Management Cloud Service 2023 Certified Implementation Professional,20421,20421
Oracle,ORA-058,Oracle Revenue Management Cloud Service 2023 Certified Implementation Professional - Delta,10419,10419
Oracle,ORA-059,Oracle Financials Cloud: Receivables 2023 Certified Implementation Professional,20421,20421
Oracle,ORA-060,Oracle Financials Cloud: Receivables 2023 Certified Implementation Professional - Delta,10419,10419
Oracle,ORA-061,Oracle Financials Cloud: Payables 2023 Certified Implementation Professional - Delta,10419,10419
Oracle,ORA-062,Oracle Financials Cloud: Payables 2023 Certified Implementation Professional,20421,20421
Oracle,ORA-063,Oracle Financials Cloud: General Ledger 2023 Certified Implementation Professional,20421,20421
Oracle,ORA-064,Oracle Financials Cloud: General Ledger 2023 Certified Implementation Professional - Delta,10419,10419
Oracle,ORA-065,Oracle Accounting Hub Cloud 2023 Certified Implementation Professional,20421,20421
Oracle,ORA-066,Oracle Accounting Hub Cloud 2023 Certified Implementation Professional - Delta,10419,10419
Oracle,ORA-067,Oracle Fusion Service 2023 Certified Implementation Professional,20421,20421
Oracle,ORA-068,Oracle Fusion Service 2023 Certified Implementation Professional - Delta,10419,10419
Oracle,ORA-069,Oracle Intelligent Advisor 2023 Certified Implementation Professional,20421,20421
Oracle,ORA-070,Oracle Intelligent Advisor 2023 Certified Implementation Professional - Delta,10419,10419
Oracle,ORA-071,Oracle Field Service 2023 Certified Implementation Professional,20421,20421
Oracle,ORA-072,Oracle Field Service 2023 Certified Implementation Professional - Delta,10419,10419
Oracle,ORA-073,Oracle B2C Service Integration and Development 2023 Certified Implementation Professional,20421,20421
Oracle,ORA-074,Oracle Service Center 2023 Certified Implementation Professional - Delta,10419,10419
Oracle,ORA-075,Oracle B2C Service Integration and Development 2023 Certified Implementation Professional - Delta,10419,10419
Oracle,ORA-076,Oracle Responsys Marketing Platform 2023 Certified Implementation Professional,20421,20421
Oracle,ORA-077,Oracle Responsys Marketing Platform 2023 Certified Implementation Professional - Delta,10419,10419
Oracle,ORA-078,Oracle Eloqua Marketing 2023 Certified Implementation Professional,20421,20421
Oracle,ORA-079,Oracle Eloqua Marketing 2023 Certified Implementation Professional - Delta,10419,10419
Oracle,ORA-080,Oracle CPQ 2023 Certified Implementation Professional,20421,20421
Oracle,ORA-081,Oracle CPQ 2023 Certified Implementation Professional - Delta,10419,10419
Oracle,ORA-082,Oracle CX Sales 2023 Certified Implementation Professional,20421,20421
Oracle,ORA-083,Oracle CX Sales 2023 Certified Implementation Professional - Delta,10419,10419
Oracle,ORA-084,Oracle Cloud Fusion Analytics Warehouse 2023 Certified Implementation Professional,20421,20421
Oracle,ORA-085,Oracle Cloud Infrastructure 2023 Certified Enterprise Analytics Professional,20421,20421
Oracle,ORA-086,Oracle Cloud Infrastructure 2023 Certified Application Integration Professional,20421,20421
Oracle,ORA-087,Oracle Database Cloud Administrator 2023 Certified Professional,20421,20421
Oracle,ORA-088,Oracle Base Database Services 2023 Certified Professional,20421,20421
Oracle,ORA-089,Oracle Cloud Database 2023 Migration and Integration Certified Professional,20421,20421
Oracle,ORA-090,Oracle Autonomous Database Cloud 2023 Certified Professional,20421,20421
Oracle,ORA-091,Oracle Cloud Infrastructure 2023 Certified Digital Assistant Professional,20421,20421
Oracle,ORA-092,Oracle Cloud Infrastructure 2023 Certified Observability Professional,20421,20421
Oracle,ORA-093,Oracle Cloud Infrastructure 2023 Certified DevOps Professional,20421,20421
Oracle,ORA-094,Oracle Cloud Infrastructure 2023 Certified Data Science Professional,20421,20421
Oracle,ORA-095,Oracle Cloud Infrastructure 2024 Certified Networking Professional,20421,20421
Oracle,ORA-096,Oracle Redwood Application 2023 Certified Developer Associate,20421,20421
Oracle,ORA-097,Oracle Cloud Infrastructure 2023 Certified Architect Associate,20421,20421
Oracle,ORA-098,Oracle Machine Learning using Autonomous Database 2023 Certified Associate,20421,20421
Salesforce,SF-001,Salesforce Certified Omnistudio Developer,17000,17000
Salesforce,SF-002,Salesforce Certified Industries CPQ Developer,17000,17000
Salesforce,SF-003,Salesforce Certified Javascript Developer,22420,22420
Salesforce,SF-004,Salesforce Certified Platform Developer II,17000,17000
Salesforce,SF-005,Salesforce Certified Platform Developer I,17000,17000
Salesforce,SF-006,Salesforce Certified Marketing Cloud Account Engagement Consultant,17000,17000
Salesforce,SF-007,Salesforce Certified Marketing Cloud Account Engagement Specialist,17000,17000
Salesforce,SF-008,Salesforce Certified Marketing Cloud Email Specialist,17000,17000
Salesforce,SF-009,Salesforce Certified Marketing Cloud Consultant,17000,17000
Salesforce,SF-010,Salesforce Certified Marketing Cloud Developer,17000,17000
Salesforce,SF-011,Salesforce Certified Marketing Cloud Administrator,17000,17000
Salesforce,SF-012,Salesforce Certified Technical Architect,510,510
Salesforce,SF-013,Salesforce Certified B2B Solution Architect,34000,34000
Salesforce,SF-014,Salesforce Certified B2C Solution Architect,34000,34000
Salesforce,SF-015,Salesforce Certified Data Architect,34000,34000
Salesforce,SF-016,Salesforce Certified Integration Architect,34000,34000
Salesforce,SF-017,Salesforce Certified Heroku Architect,34000,34000
Salesforce,SF-018,Salesforce Certified Development Lifecycle and Deployment Architect,34000,34000
Salesforce,SF-019,Salesforce Certified Sharing and Visibility Architect,34000,34000
Salesforce,SF-020,Salesforce Certified Identity and Access Management Architect,34000,34000
Salesforce,SF-021,Salesforce Certified Slack Consultant,8500,8500
Salesforce,SF-022,Salesforce Certified Business Analyst,17000,17000
Salesforce,SF-023,Salesforce Certified Data Cloud Consultant,17000,17000
Salesforce,SF-024,Salesforce Certified Education Cloud Consultant,17000,17000
Salesforce,SF-025,Salesforce Certified Nonprofit Cloud Consultant,17000,17000
Salesforce,SF-026,Salesforce Certified Experience Cloud Consultant,17000,17000
Salesforce,SF-027,Salesforce Certified Field Service Consultant,17000,17000
Salesforce,SF-028,Salesforce Certified Sales Cloud Consultant,17000,17000
Salesforce,SF-029,Salesforce Certified CPQ Specialist,17000,17000
Salesforce,SF-030,Salesforce Certified Service Cloud Consultant,17000,17000
Salesforce,SF-031,Salesforce Certified Strategy Designer,17000,17000
Salesforce,SF-032,Salesforce Certified User Experience (UX) Designer,17000,17000
Salesforce,SF-033,Salesforce Certified Slack Administrator,12750,12750
Salesforce,SF-034,Salesforce Certified Platform App Builder,17000,17000
Salesforce,SF-035,Salesforce Certified Advanced Administrator,17000,17000
Salesforce,SF-036,Salesforce Certified Administrator,17000,17000
Salesforce,SF-037,Salesforce Certified AI Associate,6375,6375
Salesforce,SF-038,Salesforce Certified Associate,6375,6375
Salesforce,SF-039,Salesforce Certified Tableau CRM and Einstein Discovery Consultant,17000,17000
suse,sca_ran2_12,SUSE Certified Administrator in SUSE Rancher Prime,12268,12268
suse,scds_sai1,SUSE Certified Deployment Specialist in SUSE AI,8135,8135
suse,sca_obsv1,SUSE Certified Administrator in SUSE Observability,12268,12268
suse,scds_smgr5,SUSE Certified Deployment Specialist in SUSE Multi-Linux Manager,12268,12268
suse,scds_edge3,SUSE Certified Deployment Specialist in SUSE Edge,12268,12268
suse,sca_smlm5,SUSE Certified Administrator in SUSE Multi-Linux Manager,12268,12268
suse,scds_rke2,SUSE Certified Deployment Specialist in Rancher Kubernetes Engine 2,12268,12268
suse,sca_sles15_2025,SUSE Certified Administrator in SUSE Linux Enterprise Server 15 (2025 Update),12268,12268
suse,scds_sles15,SUSE Certified Deployment Specialist in SUSE Linux Enterprise Server 15,12268,12268
netsuite,PR000086,NetSuite Accounts Receivable Specialist Certification,10562,10562
netsuite,PR000080,NetSuite SuiteFoundation Specialist Certification,10562,10562
netsuite,PR000081,NetSuite Administrator Professional Certification,10562,10562
netsuite,PR000079,NetSuite ERP Consultant Professional Certification,10562,10562
netsuite,PR000085,NetSuite Accounts Payable Specialist Certification,10562,10562
netsuite,PR000089,NetSuite BI and Reporting Specialist Certification,10562,10562
netsuite,PR000082,NetSuite Application Developer Professional Certification,10562,10562
netsuite,PR000083,NetSuite Web Services Developer Professional Certification,10562,10562
netsuite,PR000090,NetSuite Accounting Professional Certification,20702,20702
hashicorp,HC-001,Vault Associate (003),27432,27432
hashicorp,HC-002,Terraform Associate (004),6556,6556
hashicorp,HC-003,Terraform Authoring and Operations Professional,27432,27432
hashicorp,HC-004,Vault Operations Professional,27432,27432
hashicorp,HC-005,Consul Associate (003),6556,6556
linux foundation,LF-CETSB,CKA Exam + THRIVE Subscription Bundle,52812,47531
linux foundation,LF-CETSB-01,CKAD Exam + THRIVE Subscription Bundle,52812,47531
linux foundation,LF-CETSB-02,CKS Exam + THRIVE Subscription Bundle,52812,47531
linux foundation,LF-CKS,Certified Kubernetes Administrator (CKA)+ Certified Kubernetes Security Specialist (CKS) Exam Bundle,69712,62741
linux foundation,LF-LFS260,Kubernetes Security Essentials (LFS260) + CKS-JP ,54502,49052
linux foundation,LF-LFCA,Linux Foundation Certified IT Associate (LFCA) + Kubernetes and Cloud Native Associate (KCNA) Exam Bundle,35912,32321
linux foundation,LF-KCNA,Kubernetes and Cloud Native Essentials (LFS250)+ Kubernetes and Cloud Native Associate (KCNA) Exam Bundle,25266,22739
linux foundation,LF-CKA,Certified Kubernetes Administrator (CKA) + Certified Kubernetes Application Developer (CKAD) + Certified Kubernetes Security Specialist (CKS) Exam Bundle,105202,94682
linux foundation,LF-KCNA-01,Kubernetes and Cloud Native Associate (KCNA) + Certified Kubernetes Administrator (CKA) Exam Bundle,54502,49052
linux foundation,LF-LFS256,DevOps and Workflow Management with Argo (LFS256) + Certified Argo Project Associate (CAPA) Exam Bundle,25266,22739
linux foundation,LF-KCSA,Kubernetes and Cloud Native Security Associate (KCSA) + Certified Kubernetes Security Specialist (CKS) Exam Bundle,54502,49052
linux foundation,LF-KCNA-02,Kubernetes and Cloud Native Associate (KCNA) Exam + Kubernetes and Cloud Native Security Associate (KCSA) Exam Bundle,35912,32321
linux foundation,LF-KB,Kubestronaut Bundle,139002,125102
linux foundation,LF-CKA-01,Certified Kubernetes Administrator (CKA) + Certified Kubernetes Application Developer (CKAD) Exam Bundle,69712,62741
linux foundation,LF-LFS245,Istio Service Mesh Essentials (LFS245) + Istio Certified Associate (ICA) Exam Bundle,25266,22739
linux foundation,LF-LFS241,Monitoring Systems and Services with Prometheus (LFS241) + Prometheus Certified Associate (PCA) Exam Bundle,25266,22739
linux foundation,LF-GKB,Golden Kubestronaut Bundle,357350,321615
linux foundation,LF-KGKUB,Kubestronaut to Golden Kubestronaut Upgrade Bundle,225530,202977
linux foundation,LF-CKUB,CKA to Kubestronaut Upgrade Bundle,104358,93922
linux foundation,LF-CKUB-01,CKAD to Kubestronaut Upgrade Bundle,104358,93922
linux foundation,LF-LFCA-01,Fundamentals of Open Source IT and Cloud Computing (LFS200)+ Linux Foundation Certified IT Associate (LFCA) Exam Bundle,25266,22739
linux foundation,LF-LFD210,RISC-V Fundamentals (LFD210) + RISC-V Foundational Associate (RVFA) Exam Bundle,25266,22739
linux foundation,LF-LETSB,LFCS Exam + THRIVE Subscription Bundle,52812,47531
linux foundation,LF-LFS270,"Hyperledger Fabric: Design, Develop, and Deploy (LFS270) + Hyperledger Fabric Certified Practitioner (HFCP) Exam Bundle",25266,22739
linux foundation,LF-LFD221,Open Source Essentials for Developers (LFD221) + Certified Open Source Developer for Enterprise (CODE) Exam Bundle,25266,22739
linux foundation,LF-CEIPP,Cloud Engineer IT Professional Program,109850,98865
linux foundation,LF-ACEIP,Advanced Cloud Engineer IT Professional Program,105625,95062
linux foundation,LF-CNDIP,Cloud Native Developer IT Professional Program,84500,76050
linux foundation,LF-DGIPP,DevOps & GitOps IT Professional Program,80275,72248
linux foundation,LF-LFS258,Kubernetes Fundamentals (LFS258),25266,22739
linux foundation,LF-LFD259,Kubernetes for Developers (LFD259),25266,22739
linux foundation,LF-LFS261,DevOps and SRE Fundamentals: Implementing Continuous Delivery (LFS261),25266,22739
linux foundation,LF-LFS260-01,Kubernetes Security Essentials (LFS260),25266,22739
linux foundation,LF-LFS269,GitOps: Continuous Delivery on Kubernetes with Flux (LFS269),25266,22739
linux foundation,LF-LFS262,Implementing DevSecOps (LFS262),25266,22739
linux foundation,LF-LFS250,Kubernetes and Cloud Native Essentials (LFS250),8366,7529
linux foundation,LF-LFD201,"Introduction to Open Source Development, Git and Linux (LFD201)",25266,22739
linux foundation,LF-LFS200,Fundamentals of Open Source IT and Cloud Computing (LFS200),8366,7529
linux foundation,LF-LFS207,Linux System Administration Essentials (LFS207),25266,22739
linux foundation,LF-LFS203,Linux for Cloud Technicians Essentials (LFS203),25266,22739
linux foundation,LF-SKF200,"Mastering Infrastructure Security: Strategies, Tools, and Practices (SKF200)",25266,22739
linux foundation,LF-LFS207-DE,Grundlagen der Linux System Administration (LFS207-DE),25266,22739
linux foundation,LF-SKF201,Threat Modeling: The Essentials Toolkit (SKF201),25266,22739
linux foundation,LF-LFS268,CI/CD with Jenkins X (LFS268),25266,22739
linux foundation,LF-LFS242,Cloud Native Logging with Fluentd and Fluent Bit (LFS242),25266,22739
linux foundation,LF-LFS253,Containers Fundamentals (LFS253),25266,22739
linux foundation,LF-LFS244,Managing Kubernetes Applications with Helm (LFS244),25266,22739
linux foundation,LF-LFS241-01,Monitoring Systems and Services with Prometheus (LFS241),8366,7529
linux foundation,LF-LFS243,Service Mesh Fundamentals (LFS243),25266,22739
linux foundation,LF-LFD254,Containers for Developers and Quality Assurance (LFD254),25266,22739
linux foundation,LF-LFS267,Jenkins Essentials (LFS267),25266,22739
linux foundation,LF-OSMS,Open Source Management & Strategy,42166,37949
linux foundation,LF-LFD210-01,RISC-V Fundamentals (LFD210),8366,7529
linux foundation,LF-LFD273,PyTorch Essentials: An Applications-First Approach (LFD273),25266,22739
linux foundation,LF-LFD237,Developing Solutions with FDC3 (LFD237),25266,22739
linux foundation,LF-LFS255,Mastering Kubernetes Security with Kyverno (LFS255),25266,22739
linux foundation,LF-LFS257,Mastering Kubernetes Event-Driven Autoscaling with KEDA (LFS257),25266,22739
linux foundation,LF-LFS256-01,DevOps and Workflow Management with Argo (LFS256),8366,7529
linux foundation,LF-LFS245-01,Istio Service Mesh Essentials (LFS245),8366,7529
linux foundation,LF-LFC202,Open Source Introduction (LFC202),6676,6008
linux foundation,LF-LFC203,Open Source Business Strategy (LFC203),6676,6008
linux foundation,LF-LFC204,Effective Open Source Program Management (LFC204),6676,6008
linux foundation,LF-LFC205,Open Source Development Practices (LFC205),6676,6008
linux foundation,LF-LFC206,Open Source Compliance Programs (LFC206),6676,6008
linux foundation,LF-LFC207,Collaborating Effectively with Open Source Projects (LFC207),6676,6008
linux foundation,LF-LFC208,Creating Open Source Projects (LFC208),6676,6008
linux foundation,LF-LFS246,Serverless and Event-Driven Applications with Knative (LFS246),25266,22739
linux foundation,LF-LFS270-01,"Hyperledger Fabric: Design, Develop and Deploy (LFS270)",8366,7529
linux foundation,LF-LFS248,Cloud Cost Monitoring for FinOps with OpenCost (LFS248),25266,22739
linux foundation,LF-LFD221-01,Open Source Essentials for Developers (LFD221),8366,7529
linux foundation,LF-CKAD,Certified Kubernetes Application Developer (CKAD),37602,33842
linux foundation,LF-CKA-02,Certified Kubernetes Administrator (CKA),37602,33842
linux foundation,LF-CKS-01,Certified Kubernetes Security Specialist (CKS),37602,33842
linux foundation,LF-KCNA-03,Kubernetes and Cloud Native Associate (KCNA),21125,19012
linux foundation,LF-KCSA-01,Kubernetes and Cloud Native Security Associate (KCSA),21125,19012
linux foundation,LF-LFCA-02,Linux Foundation Certified IT Associate (LFCA),21125,19012
linux foundation,LF-LFCS,Linux Foundation Certified System Administrator (LFCS),37602,33842
linux foundation,LF-RVFA,RISC-V Foundational Associate (RVFA),21125,19012
linux foundation,LF-PCA,Prometheus Certified Associate (PCA),21125,19012
linux foundation,LF-HFCP,Hyperledger Fabric Certified Practitioner (HFCP),21125,19012
linux foundation,LF-CGOA,Certified GitOps Associate (CGOA),21125,19012
linux foundation,LF-FCFP,FINOS Certified FDC3 Practitioner (FCFP),21125,19012
linux foundation,LF-ICA,Istio Certified Associate (ICA),21125,19012
linux foundation,LF-FSOSD,FINOS Financial Services Certified Open Source Developer (FSOSD),21125,19012
linux foundation,LF-CAPA,Certified Argo Project Associate (CAPA),21125,19012
linux foundation,LF-CCA,Cilium Certified Associate (CCA),21125,19012
linux foundation,LF-BCP,Besu Certified Professional (BCP),21125,19012
linux foundation,LF-CBA,Certified Backstage Associate (CBA),21125,19012
linux foundation,LF-KCA,Kyverno Certified Associate (KCA),21125,19012
linux foundation,LF-OTCA,OpenTelemetry Certified Associate (OTCA),21125,19012
linux foundation,LF-CODE,Certified Open Source Developer for Enterprise (CODE),21125,19012
linux foundation,LF-CNPA,Certified Cloud Native Platform Engineering Associate (CNPA),21125,19012
linux foundation,LF-CNPE,Certified Cloud Native Platform Engineer (CNPE),37602,33842
linux foundation,LF-LFD459,Kubernetes for App Developers (LFD459),295328,265795
linux foundation,LF-LFS458,Kubernetes Administration (LFS458),295328,265795
linux foundation,LF-LFS460,Kubernetes Security Fundamentals (LFS460),295328,265795
linux foundation,LF-LFD401,Developing Applications for Linux (LFD401),295328,265795
linux foundation,LF-LFD420,Linux Kernel Internals and Development (LFD420),295328,265795
linux foundation,LF-LFD430,Developing Linux Device Drivers (LFD430),295328,265795
linux foundation,LF-LFD435,Developing Embedded Linux Device Drivers (LFD435),295328,265795
linux foundation,LF-LFD450,Embedded Linux Development (LFD450),295328,265795
linux foundation,LF-LFD460,Embedded Linux Platform Development with Yocto Project (LFD460),295328,265795
linux foundation,LF-LFD301,"Introduction to Linux, Open Source Development, and GIT (LFD301)",295328,265795
linux foundation,LF-LFS307,Linux System Administration (LFS307),295328,265795
linux foundation,LF-LFS303,Linux for Cloud Technicians (LFS303),295328,265795
linux foundation,LF-LFD441,Security and the Linux Kernel (LFD441),295328,265795
linux foundation,LF-LFD445,Linux Kernel Debugging (LFD445),295328,265795
linux foundation,LF-SC100,Text Editing with Vim (SC100),6676,6008
linux foundation,LF-SC101,Open Data Formats: YAML (SC101),6676,6008
linux foundation,LF-SC102,Source Control Management with Git (SC102),6676,6008
linux foundation,LF-SC103,Shell Scripting Using Bash (SC103),6676,6008
linux foundation,LF-SC104,Developing Helm Charts (SC104),6676,6008
linux foundation,LF-LFD473,PyTorch in Practice: An Applications-First Approach (LFD473),295328,265795
linux foundation,LF-SC105,Open Data Formats: JSON (SC105),6676,6008
linux foundation,LF-LFD480,Programming in Rust (LFD480),295328,265795
linux foundation,LF-SC106,Pipelines with Tekton (SC106),6676,6008
linux foundation,LF-LFS482,Zero Trust Security with SPIFFE and SPIRE (LFS482),295328,265795
linux foundation,LF-SC107,Pattern Matching with Regular Expressions (SC107),6676,6008
linux foundation,LF-WSKF601,Securing Coding Fundamentals (WSKF601),274625,247162
linux foundation,LF-WSKF603,Understanding Vulnerabilities and Security Threats (WSKF603),84078,75670
linux foundation,LF-RXM401,Generative AI Prompt Engineering (RXM401),58728,52855
linux foundation,LF-RXM402,Machine Learning & AI Introduction (RXM402),58728,52855
linux foundation,LF-RAG,Retrieval Augmented Generation (RAG) Introduction (RXM403),58728,52855
linux foundation,LF-LFD334,"WebAssembly in Action: Develop, Deploy, and Debug (LFD334)",168578,151720
linux foundation,LF-LFWS313,Kubernetes Troubleshooting (LFWS313),84078,75670
linux foundation,LF-LFWS315,Cilium in Action: Kubernetes Security & Insight (LFWS315),84078,75670
linux foundation,LF-AC6401,Zephyr RTOS Programming (AC6401),295750,266175
linux foundation,LF-LFE7010,Cybersecurity Strategy & Risk Management for Executives (LFE7010),380250,342225
linux foundation,LF-LFWS302,SBOMs in Action: Security & Compliance (LFWS302),84078,75670
linux foundation,LF-SKF401,Threat Modeling Essentials: Identifying and Managing Risk Effectively (SKF401),168578,151720
linux foundation,LF-LFWS304,eBPF Essentials: Security and Observability (LFWS304),84078,75670
linux foundation,LF-LFWS305,Designing Secure Microservices with Keycloak (LFWS305),84078,75670
linux foundation,LF-LFWS306,Rust for Machine Learning Operations (LFWS306),84078,75670
linux foundation,LF-LFWS309,Rust for Interfacing with Language Models (LFWS309),84078,75670
linux foundation,LF-LFWS307,Deploying Small Language Models (LFWS307),274625,247162
linux foundation,LF-LFS258-JP,Kubernetes Fundamentals (LFS258-JP) + CKA-JP Exam Bundle,54502,49052
linux foundation,LF-KLJCJ,Kubernetes (LFD259-JP)+ CKAD-JP,54502,49052
linux foundation,LF-LFS258-JP-01,Kubernetes (LFS258-JP),25266,22739
linux foundation,LF-LFD259-JP,Kubernetes (LFD259-JP),25266,22739
linux foundation,LF-CKA-JP,Kubernetes (CKA-JP),37602,33842
linux foundation,LF-LFCS-JP,Linux Foundation (LFCS-JP),37602,33842
linux foundation,LF-LFCA-JP,Linux Foundation (LFCA-JP),21125,19012
linux foundation,LF-LFD461-JP,Yocto Project Super Practical Online Course (LFD461-JP),232375,209138
linux foundation,LF-LFWS307-JP,Linux(LFWS307-JP),185900,167310
linux foundation,LF-LFD210-CN,RISC-V  (LFD210-CN),8366,7529
comptia,CT-AN,a+ Network,46402,34802
comptia,CT-AC,a+ Cyber,46402,34802
comptia,CT-AAFV,Adobe AI for Video  Adobe AI for Video,55329,41497
comptia,CT-AE,AI Essentials,9206,6904
comptia,CT-AFME,AI for Marketing Essentials,9206,6904
comptia,CT-AFSE,AI for Sales Essentials,9206,6904
comptia,CT-AHDE,AI Help Desk Essentials,9206,6904
comptia,CT-APE,AI Prompting Essentials  AI Prompting Essentials,9206,6904
comptia,CT-BE,Business Essentials,9206,6904
comptia,CT-CK,Certification Kit  Certification Kit,930,698
comptia,CT-C,Cloud+  Cloud+ Voucher,36266,27200
comptia,CT-C-01,Cloud+  Cloud+ Voucher Plus Retake Assurance,40823,30617
comptia,CT-C-02,Cloud+  Certification Kit,930,698
comptia,CT-C-03,Cloud+,65000,48750
comptia,CT-C-04,Cloud+  Cloud+ Complete Learning Bundle,76159,57119
comptia,CT-C-05,Cloud+  Cloud+ Complete Learning Bundle with Voucher Plus Retake Assurance,108798,81598
comptia,CT-C-06,Cloud+  Continuing Education Token 25,2325,1744
comptia,CT-C-07,Cloud+  Continuing Education Token 50,4650,3488
comptia,CT-CE,Cloud Essentials,9206,6904
comptia,CT-C-08,CloudNetX  CloudNetX Voucher,49192,36894
comptia,CT-C-09,CloudNetX  CloudNetX Voucher Plus Retake Assurance,53748,40311
comptia,CT-C-10,CloudNetX  Certification Kit,930,698
comptia,CT-C-11,CloudNetX,88805,66604
comptia,CT-C-12,CloudNetX  CloudNetX Complete Learning Bundle with Voucher Plus Retake Assurance,124142,93106
comptia,CT-C-13,CloudNetX  Continuing Education Token 25,2325,1744
comptia,CT-C-14,CloudNetX  Continuing Education Token 50,4650,3488
comptia,CT-CE-01,Continuing Education  A+ CertMaster CE,12926,9694
comptia,CT-CE-02,Continuing Education  Network+ CertMaster CE,17668,13251
comptia,CT-CE-03,Continuing Education  Security+ CertMaster CE,18598,13948
comptia,CT-CE-04,Continuing Education  Continuing Education Token 25,2325,1744
comptia,CT-CE-05,Continuing Education  Continuing Education Token 50,4650,3488
comptia,CT-CP,CyberDefense Pro,25572,19179
comptia,CT-C-15,CySA+  CySA+ Voucher,39521,29641
comptia,CT-C-16,CySA+  CySA+ Voucher Plus Retake Assurance,44077,33058
comptia,CT-C-17,CySA+  Certification Kit,930,698
comptia,CT-C-18,CySA+,56724,42543
comptia,CT-C-19,CySA+  CySA+ CertMaster Labs ,15715,11786
comptia,CT-C-20,CySA+  CySA+ Complete Learning Bundle,73369,55027
comptia,CT-C-21,CySA+  CySA+ Complete Learning Bundle with Voucher Plus Retake Assurance,108891,81668
comptia,CT-C-22,CySA+  Continuing Education Token 25,2325,1744
comptia,CT-C-23,CySA+  Continuing Education Token 50,4650,3488
comptia,CT-D,DataAI  DataAI Voucher,49192,36894
comptia,CT-D-01,DataAI  DataAI Voucher Plus Retake Assurance,53748,40311
comptia,CT-D-02,DataAI  Certification Kit,930,698
comptia,CT-D-03,DataAI,84621,63466
comptia,CT-D-04,DataAI  DataAI Complete Learning Bundle with Voucher Plus Retake Assurance,120422,90316
comptia,CT-D-05,DataAI  Continuing Education Token 25,2325,1744
comptia,CT-D-06,DataAI  Continuing Education Token 50,4650,3488
comptia,CT-DAE,Data Analysis Essentials  Data Analysis Essentials,9206,6904
comptia,CT-D-07,DataSys+  DataSys+ Voucher,36266,27200
comptia,CT-D-08,DataSys+  DataSys+ Voucher Plus Retake Assurance,40823,30617
comptia,CT-D-09,DataSys+  Certification Kit,930,698
comptia,CT-D-10,DataSys+,60908,45681
comptia,CT-D-11,DataSys+  DataSys+ CertMaster Labs ,16645,12484
comptia,CT-D-12,DataSys+  DataSys+ Complete Learning Bundle,77647,58235
comptia,CT-D-13,DataSys+  DataSys+ Complete Learning Bundle with Voucher Plus Retake Assurance,110193,82645
comptia,CT-D-14,DataSys+  Continuing Education Token 25,2325,1744
comptia,CT-D-15,DataSys+  Continuing Education Token 50,4650,3488
comptia,CT-DLP,Digital Literacy Pro,9206,6904
comptia,CT-EHP,Ethical Hacker Pro,28362,21272
comptia,CT-HSPIC,Hybrid Server Pro I: Core,21388,16041
comptia,CT-HSPIA,Hybrid Server Pro II: Advanced,21388,16041
comptia,CT-IFP,IT Fundamentals Pro,9764,7323
comptia,CT-LS,Library Suite  Library Suite Annual Subscription,37196,27897
comptia,CT-LP,Linux Pro,25572,19179
comptia,CT-MEP,Microsoft Excel Pro,9206,6904
comptia,CT-MWP,Microsoft Word Pro,9206,6904
comptia,CT-N,Network+  Network+ Voucher,36266,27200
comptia,CT-N-01,Network+  Network+ Voucher Plus Retake Assurance,40823,30617
comptia,CT-N-02,Network+  Certification Kit,930,698
comptia,CT-N-03,Network+,59049,44287
comptia,CT-N-04,Network+  Network+ CertMaster Labs ,16645,12484
comptia,CT-N-05,Network+  Network+ Complete Learning Bundle,70672,53004
comptia,CT-N-06,Network+  Network+ Complete Learning Bundle with Voucher Plus Retake Assurance,113169,84877
comptia,CT-N-07,Network+  Network+ CertMaster CE,17668,13251
comptia,CT-N-08,Network+  Continuing Education Token 25,2325,1744
comptia,CT-N-09,Network+  Continuing Education Token 50,4650,3488
comptia,CT-MOP,Microsoft Office Pro,15715,11786
comptia,CT-PP,PC Pro,21388,16041
comptia,CT-P,PenTest+  PenTest+ Voucher,39521,29641
comptia,CT-P-01,PenTest+  PenTest+ Voucher Plus Retake Assurance,44077,33058
comptia,CT-P-02,PenTest+  Certification Kit,930,698
comptia,CT-P-03,PenTest+,64070,48052
comptia,CT-P-04,PenTest+  PenTest+ CertMaster Study,11624,8718
comptia,CT-P-05,PenTest+  PenTest+ Complete Learning Bundle with Voucher Plus Retake Assurance,111588,83691
comptia,CT-P-06,PenTest+  Continuing Education Token 25,2325,1744
comptia,CT-P-07,PenTest+  Continuing Education Token 50,4650,3488
comptia,CT-P-08,Project+  Project+ Voucher,36266,27200
comptia,CT-P-09,Project+  Project+ Voucher Plus Retake Assurance,40823,30617
comptia,CT-P-10,Project+  Certification Kit,930,698
comptia,CT-P-11,Project+,48820,36615
comptia,CT-P-12,Project+  Project+ Complete Learning Bundle,65558,49168
comptia,CT-P-13,Project+  Project+ Complete Learning Bundle with Voucher Plus Retake Assurance,98104,73578
comptia,CT-P-14,Project+  Continuing Education Token 25,2325,1744
comptia,CT-P-15,Project+  Continuing Education Token 50,4650,3488
comptia,CT-PME,Project Management Essentials,9206,6904
comptia,CT-S,SecAI+  SecAI+ Voucher,33383,25037
comptia,CT-S-01,SecAI+  SecAI+ Voucher Plus Retake Assurance,37940,28455
comptia,CT-S-02,SecAI+,54399,40799
comptia,CT-S-03,SecAI+  SecAI+ Complete Learning Bundle with Voucher Plus Retake Assurance,83133,62350
comptia,CT-S-04,Security+  Security+ Voucher,39521,29641
comptia,CT-S-05,Security+  Security+ Voucher Plus Retake Assurance,44077,33058
comptia,CT-S-06,Security+  Certification Kit,930,698
comptia,CT-S-07,Security+,67418,50564
comptia,CT-S-08,Security+  Security+ Complete Learning Bundle,83691,62768
comptia,CT-S-09,Security+  Security+ Complete Learning Bundle with Voucher Plus Retake Assurance,119771,89828
comptia,CT-S-10,Security+  Security+ CertMaster CE,18598,13948
comptia,CT-S-11,Security+  Continuing Education Token 25,2325,1744
comptia,CT-S-12,Security+  Continuing Education Token 50,4650,3488
comptia,CT-SP,Security Pro,21853,16390
comptia,CT-S-13,SecurityX  SecurityX Voucher,49192,36894
comptia,CT-S-14,SecurityX  SecurityX Voucher Plus Retake Assurance,53748,40311
comptia,CT-S-15,SecurityX  Certification Kit,930,698
comptia,CT-S-16,SecurityX,18505,13879
comptia,CT-S-17,SecurityX  SecurityX Complete Learning Bundle,114378,85784
comptia,CT-S-18,SecurityX  SecurityX Complete Learning Bundle with Voucher Plus Retake Assurance,147110,110332
comptia,CT-S-19,SecurityX  Continuing Education Token 25,2325,1744
comptia,CT-S-20,SecurityX  Continuing Education Token 50,4650,3488
comptia,CT-S-21,Server+  Server+ Voucher,36266,27200
comptia,CT-S-22,Server+  Server+ Voucher Plus Retake Assurance,40823,30617
comptia,CT-S-23,Server+  Certification Kit,930,698
comptia,CT-S-24,Server+,60908,45681
comptia,CT-S-25,Server+  Server+ Complete Learning Bundle,77647,58235
comptia,CT-S-26,Server+  Server+ Complete Learning Bundle with Voucher Plus Retake Assurance,110565,82924
comptia,CT-S-27,Server+  Continuing Education Token 25,2325,1744
comptia,CT-S-28,Server+  Continuing Education Token 50,4650,3488
comptia,CT-SSE,Soft Skills Essentials,9206,6904
comptia,CT-T,Tech+  Tech+ Voucher,11624,8718
comptia,CT-T-01,Tech+  Tech+ Voucher Plus Retake Assurance,16180,12135
comptia,CT-T-02,Tech+  Certification Kit,930,698
comptia,CT-T-03,Tech+,15715,11786
comptia,CT-T-04,Tech+  Tech+ Complete Learning Bundle,19528,14646
comptia,CT-T-05,Tech+  Tech+ Complete Learning Bundle with Voucher Plus Retake Assurance,31059,23294
comptia,CT-T-06,Tech+  Tech+ Site License,464950,348712
comptia,CT-WCP,Windows Client Pro,21388,16041
comptia,CTA-001,CompTIA Cloud Essentials+,11730,8798
comptia,CTA-002,CompTIA Project+,31365,23524
comptia,CTA-003,CompTIA DataSys+,31365,23524
comptia,CTA-004,CompTIA Data+,21505,16129
comptia,CTA-005,CompTIA PenTest+,34340,25755
comptia,CTA-006,CompTIA Advanced Security Practitioner,43265,32449
comptia,CTA-007,CompTIA CySA+,34340,25755
comptia,CTA-008,CompTIA Server+,31365,23524
comptia,CTA-009,CompTIA Linux+,31365,23524
comptia,CTA-010,CompTIA Cloud+,31365,23524
comptia,CTA-011,CompTIA Security+,34340,25755
comptia,CTA-012,CompTIA Network+,31365,23524
comptia,CTA-013,CompTIA A+,21505,16129
comptia,CTA-014,CompTIA IT Fundamentals,11730,8798
